INSERT INTO department (id, name) 
VALUES  (1, "Programming"),
        (2, "Art"),
        (3, "Narrative"),
        (4, "Audio");

INSERT INTO role (id, title, salary, department_id) 
VALUES  (1, "Lead Programmer", 120000, 1),
        (2, "Gameplay Programmer", 100000, 1),
        (3, "Combat Programmer", 100000, 1),
        (4, "Associate Programmer", 85000, 1),
        (5, "Art Director", 120000, 2),
        (6, "Environmental Artist", 85000, 2),
        (7, "Character Artist", 85000, 2),
        (8, "UI Design", 75000, 2),
        (9, "Narrative Director", 125000, 3),
        (10, "Writer", 80000, 3),
        (11, "Motion Capture Technician", 85000, 3),
        (12, "Audio Director", 120000, 4),
        (13, "Technical Sound Designer", 110000, 4),
        (14, "Sound Designer", 95000, 4),
        (15, "Dialogue Designer", 85000, 4),
        (16, "Music Designer", 80000, 4),
        (17, "Music Editor", 70000, 4);

INSERT INTO employee (id, first_name, last_name, role_id, manager_id) 
VALUES  (1, "Cerso", "Yeet", 1, null),
        (2, "Scott", "Vermeersch", 2, 1),
        (3, "Adam", "Roller", 2, 1),
        (4, "Jared", "Kohler", 3, 1),
        (5, "James", "Probel", 4, 2),
        (6, "Rob", "Borbas", 5, null),
        (7, "Lion", "Thornforg", 6, 6),
        (8, "Omar", "Dogan", 7, 6),
        (9, "Ilya", "Kuvshinov", 7, 6),
        (10, "Baker", "Fu", 8, 6),
        (11, "Iggy", "Cossman", 9, null),
        (12, "Logan", "Fouss", 10, 11),
        (13, "Jared", "Wilder", 10, 11),
        (14, "Taylor", "Rohrig", 11, null),
        (15, "Andrew", "Buresh", 12, null),
        (16, "Bradley", "Gurwin", 13, 15),
        (17, "Alex", "Previty", 14, 15),
        (18, "Peter", "Trepke", 14, 15),
        (19, "Kevin", "McClelland", 15, 15),
        (20, "Bill", "Hemstapat", 16, null),
        (21, "Sonia", "Coronado", 16, null),
        (22, "Kelvin", "Yuen", 17, 20);